<?xml version="1.0" encoding="UTF-8"?>
<persistence version="2.0"
	xmlns="http://java.sun.com/xml/ns/persistence" xmlns:xsi="http://www.w3.org/2001/XMLSchema-instance"
	xsi:schemaLocation="http://java.sun.com/xml/ns/persistence http://java.sun.com/xml/ns/persistence/persistence_2_0.xsd">
	<persistence-unit name="demo2">
		<properties>
			<property name="javax.persistence.jdbc.driver" value="org.postgresql.Driver" />
			<property name="javax.persistence.jdbc.user" value="postgres" />
			<property name="javax.persistence.jdbc.password" value="Alex231092" />
			<property name="javax.persistence.jdbc.url" value="jdbc:postgresql://localhost/demo2" />
			<property name="hibernate.show_sql" value="true" />
			<property name="hibernate.format_sql" value="true" />
			<property name="hibernate.dialect" value="org.hibernate.dialect.PostgreSQL95Dialect" />
			<property name="hibernate.hbm2ddl.auto" value="update" />
		</properties>
	</persistence-unit>
	<persistence-unit name="demo2-unit-test">
		<properties>
			<property name="hibernate.show_sql" value="true" />
			<property name="hibernate.format_sql" value="true" />
			<property name="hibernate.hbm2ddl.auto" value="create" />
			<property name="javax.persistence.jdbc.driver" value="org.h2.Driver" />
			<property name="javax.persistence.jdbc.url" value="jdbc:h2:mem:test?MODE=PostgreSQL" />
			<property name="javax.persistence.jdbc.user" value="postgres" />
			<property name="javax.persistence.jdbc.password" value="Alex231092" />
			<property name="hibernate.dialect"  value="org.hibernate.dialect.H2Dialect" />
		</properties>
	</persistence-unit>
	
</persistence>

